<?xml version="1.0" encoding="UTF-8"?>
<project-private xmlns="http://www.netbeans.org/ns/project-private/1">
    <editor-bookmarks xmlns="http://www.netbeans.org/ns/editor-bookmarks/2" lastBookmarkId="0"/>
    <open-files xmlns="http://www.netbeans.org/ns/projectui-open-files/2">
        <group>
            <file>file:/I:/MPLABX/v6.15/PIC16F877A/pic16f877a_sh1106.X/sh1106.c</file>
            <file>file:/I:/MPLABX/v6.15/PIC16F877A/pic16f877a_sh1106.X/i2c.h</file>
            <file>file:/I:/MPLABX/v6.15/PIC16F877A/pic16f877a_sh1106.X/sh1106.h</file>
            <file>file:/I:/MPLABX/v6.15/PIC16F877A/pic16f877a_sh1106.X/main.c</file>
            <file>file:/I:/MPLABX/v6.15/PIC16F877A/pic16f877a_sh1106.X/config.h</file>
            <file>file:/I:/MPLABX/v6.15/PIC16F877A/pic16f877a_sh1106.X/i2c.c</file>
        </group>
    </open-files>
</project-private>
