<?xml version="1.0" encoding="UTF-8"?>
<project-private xmlns="http://www.netbeans.org/ns/project-private/1">
    <editor-bookmarks xmlns="http://www.netbeans.org/ns/editor-bookmarks/2" lastBookmarkId="0"/>
    <open-files xmlns="http://www.netbeans.org/ns/projectui-open-files/2">
        <group>
            <file>file:/I:/MPLABX/v5.00/PIC16F877A/flash_write_lcd.X/main.c</file>
            <file>file:/I:/MPLABX/v5.00/PIC16F877A/flash_write_lcd.X/hd44780.h</file>
            <file>file:/I:/MPLABX/v5.00/PIC16F877A/flash_write_lcd.X/hd44780.c</file>
            <file>file:/I:/MPLABX/v5.00/PIC16F877A/flash_write_lcd.X/config.h</file>
        </group>
    </open-files>
</project-private>
